Disruption_ID,Task_ID,Type_of_Disruption,Timestamp,City
DSR0001,TSK0090,Weather Conditions,2024-01-14 05:46:00,Ahmedabad
DSR0002,TSK0734,Resource Shortage,2024-01-18 04:36:00,Ahmedabad
DSR0003,TSK0788,Emergency Situation,2024-01-27 02:33:00,Hyderabad
DSR0004,TSK0643,Resource Shortage,2024-01-12 10:22:00,Bangalore
DSR0005,TSK0565,Crew Absenteeism,2024-01-30 13:45:00,Ahmedabad
DSR0006,TSK0348,Flight Delay,2024-01-25 00:50:00,Jaipur
DSR0007,TSK0297,Flight Delay,2024-01-21 21:34:00,Pune
DSR0008,TSK0939,Crew Absenteeism,2024-01-04 06:18:00,Delhi
DSR0009,TSK0760,Crew Absenteeism,2024-01-22 19:23:00,Jaipur
DSR0010,TSK0041,Emergency Situation,2024-01-19 00:11:00,Jaipur
DSR0011,TSK0374,Crew Absenteeism,2024-01-30 08:21:00,Lucknow
DSR0012,TSK0529,Weather Conditions,2024-01-15 10:25:00,Kolkata
DSR0013,TSK0489,Resource Shortage,2024-01-26 22:15:00,Pune
DSR0014,TSK0641,Resource Shortage,2024-01-16 06:40:00,Pune
DSR0015,TSK0261,Equipment Failure,2024-01-26 23:04:00,Ahmedabad
DSR0016,TSK0629,Crew Absenteeism,2024-01-30 16:04:00,Pune
DSR0017,TSK0961,Crew Absenteeism,2024-01-17 17:06:00,Ahmedabad
DSR0018,TSK0532,Weather Conditions,2024-01-29 04:23:00,Lucknow
DSR0019,TSK0435,Flight Delay,2024-01-06 06:17:00,Pune
DSR0020,TSK0700,Flight Delay,2024-01-09 18:53:00,Chennai
DSR0021,TSK0864,Resource Shortage,2024-01-29 08:55:00,Mumbai
DSR0022,TSK0234,Resource Shortage,2024-01-14 04:21:00,Hyderabad
DSR0023,TSK0138,Emergency Situation,2024-01-26 02:10:00,Pune
DSR0024,TSK0278,Weather Conditions,2024-01-24 23:36:00,Hyderabad
DSR0025,TSK0622,Equipment Failure,2024-01-18 18:35:00,Delhi
DSR0026,TSK0864,Equipment Failure,2024-01-29 09:06:00,Mumbai
DSR0027,TSK0882,Weather Conditions,2024-01-30 23:49:00,Mumbai
DSR0028,TSK0267,Equipment Failure,2024-01-24 18:51:00,Jaipur
DSR0029,TSK0921,Flight Delay,2024-01-15 10:12:00,Ahmedabad
DSR0030,TSK0879,Equipment Failure,2024-01-12 23:58:00,Mumbai
DSR0031,TSK0189,Equipment Failure,2024-01-17 03:04:00,Pune
DSR0032,TSK0920,Weather Conditions,2024-01-16 09:16:00,Delhi
DSR0033,TSK0097,Weather Conditions,2024-01-13 18:30:00,Jaipur
DSR0034,TSK0957,Equipment Failure,2024-01-30 13:40:00,Kolkata
DSR0035,TSK0362,Crew Absenteeism,2024-01-16 17:10:00,Pune
DSR0036,TSK0516,Weather Conditions,2024-01-07 21:26:00,Ahmedabad
DSR0037,TSK0843,Emergency Situation,2024-01-24 09:26:00,Hyderabad
DSR0038,TSK0570,Emergency Situation,2024-01-17 22:19:00,Mumbai
DSR0039,TSK0538,Flight Delay,2024-01-29 21:02:00,Hyderabad
DSR0040,TSK0649,Equipment Failure,2024-01-11 20:33:00,Pune
DSR0041,TSK0022,Crew Absenteeism,2024-01-17 08:19:00,Delhi
DSR0042,TSK0985,Flight Delay,2024-01-31 04:21:00,Mumbai
DSR0043,TSK0264,Equipment Failure,2024-01-13 00:51:00,Jaipur
DSR0044,TSK0870,Weather Conditions,2024-01-12 11:52:00,Mumbai
DSR0045,TSK0870,Emergency Situation,2024-01-12 12:09:00,Mumbai
DSR0046,TSK0418,Resource Shortage,2024-01-14 01:35:00,Hyderabad
DSR0047,TSK0577,Crew Absenteeism,2024-01-11 06:03:00,Pune
DSR0048,TSK0313,Resource Shortage,2024-01-04 07:36:00,Ahmedabad
DSR0049,TSK0962,Emergency Situation,2024-01-21 07:59:00,Bangalore
DSR0050,TSK0223,Resource Shortage,2024-01-09 18:06:00,Chennai
DSR0051,TSK0082,Weather Conditions,2024-01-06 14:14:00,Mumbai
DSR0052,TSK0886,Equipment Failure,2024-01-21 12:44:00,Ahmedabad
DSR0053,TSK0043,Weather Conditions,2024-01-20 14:50:00,Delhi
DSR0054,TSK0340,Resource Shortage,2024-01-03 22:36:00,Pune
DSR0055,TSK0875,Weather Conditions,2024-01-13 02:40:00,Hyderabad
DSR0056,TSK0926,Emergency Situation,2024-01-29 10:02:00,Jaipur
DSR0057,TSK0477,Crew Absenteeism,2024-01-31 18:50:00,Chennai
DSR0058,TSK0943,Weather Conditions,2024-01-17 11:12:00,Mumbai
DSR0059,TSK0781,Emergency Situation,2024-01-20 22:07:00,Jaipur
DSR0060,TSK0753,Crew Absenteeism,2024-01-12 04:37:00,Ahmedabad
DSR0061,TSK0105,Equipment Failure,2024-01-30 14:34:00,Ahmedabad
DSR0062,TSK0977,Resource Shortage,2024-01-01 00:35:00,Lucknow
DSR0063,TSK0824,Equipment Failure,2024-01-08 23:57:00,Bangalore
DSR0064,TSK0873,Flight Delay,2024-01-08 05:05:00,Lucknow
DSR0065,TSK0144,Emergency Situation,2024-01-10 12:08:00,Mumbai
DSR0066,TSK0913,Crew Absenteeism,2024-01-12 22:04:00,Hyderabad
DSR0067,TSK0299,Weather Conditions,2024-01-20 12:04:00,Lucknow
DSR0068,TSK0869,Equipment Failure,2024-01-30 16:44:00,Chennai
DSR0069,TSK0601,Crew Absenteeism,2024-01-04 16:42:00,Jaipur
DSR0070,TSK0929,Emergency Situation,2024-01-31 22:01:00,Kolkata
DSR0071,TSK0777,Flight Delay,2024-01-30 13:57:00,Kolkata
DSR0072,TSK0050,Equipment Failure,2024-01-19 00:23:00,Ahmedabad
DSR0073,TSK0625,Resource Shortage,2024-01-07 11:56:00,Lucknow
DSR0074,TSK0980,Crew Absenteeism,2024-01-15 07:20:00,Ahmedabad
DSR0075,TSK0346,Resource Shortage,2024-01-03 11:10:00,Jaipur
DSR0076,TSK0373,Crew Absenteeism,2024-01-12 15:29:00,Mumbai
DSR0077,TSK0958,Crew Absenteeism,2024-01-27 12:05:00,Pune
DSR0078,TSK0936,Emergency Situation,2024-01-23 02:12:00,Bangalore
DSR0079,TSK0149,Emergency Situation,2024-01-07 02:54:00,Bangalore
DSR0080,TSK0077,Emergency Situation,2024-01-16 05:37:00,Chennai
DSR0081,TSK0060,Weather Conditions,2024-01-07 13:06:00,Bangalore
DSR0082,TSK0094,Crew Absenteeism,2024-01-25 02:34:00,Pune
DSR0083,TSK0239,Equipment Failure,2024-01-15 18:21:00,Delhi
DSR0084,TSK0765,Resource Shortage,2024-01-22 20:50:00,Ahmedabad
DSR0085,TSK0503,Emergency Situation,2024-01-10 18:00:00,Pune
DSR0086,TSK0457,Emergency Situation,2024-01-28 16:29:00,Hyderabad
DSR0087,TSK0165,Resource Shortage,2024-01-05 00:18:00,Jaipur
DSR0088,TSK0146,Resource Shortage,2024-01-19 16:25:00,Delhi
DSR0089,TSK0137,Crew Absenteeism,2024-01-28 22:13:00,Jaipur
DSR0090,TSK0008,Emergency Situation,2024-01-13 06:37:00,Ahmedabad
DSR0091,TSK0546,Resource Shortage,2024-01-20 00:10:00,Hyderabad
DSR0092,TSK0423,Weather Conditions,2024-01-07 07:20:00,Ahmedabad
DSR0093,TSK0805,Weather Conditions,2024-01-10 19:08:00,Jaipur
DSR0094,TSK0520,Emergency Situation,2024-01-31 07:42:00,Kolkata
DSR0095,TSK0093,Resource Shortage,2024-01-22 17:07:00,Pune
DSR0096,TSK0680,Crew Absenteeism,2024-01-17 03:37:00,Chennai
DSR0097,TSK0949,Crew Absenteeism,2024-01-19 11:35:00,Chennai
DSR0098,TSK0388,Crew Absenteeism,2024-01-28 05:27:00,Chennai
DSR0099,TSK0774,Flight Delay,2024-01-11 14:59:00,Pune
DSR0100,TSK0156,Emergency Situation,2024-01-29 01:58:00,Jaipur
DSR0101,TSK0332,Crew Absenteeism,2024-01-07 06:54:00,Hyderabad
DSR0102,TSK0889,Weather Conditions,2024-01-25 03:51:00,Mumbai
DSR0103,TSK0155,Resource Shortage,2024-01-06 21:20:00,Bangalore
DSR0104,TSK0347,Equipment Failure,2024-01-11 01:02:00,Lucknow
DSR0105,TSK0475,Equipment Failure,2024-01-12 08:13:00,Kolkata
DSR0106,TSK0092,Crew Absenteeism,2024-01-06 03:14:00,Hyderabad
DSR0107,TSK0686,Equipment Failure,2024-01-22 03:14:00,Jaipur
DSR0108,TSK0689,Equipment Failure,2024-01-29 16:09:00,Kolkata
DSR0109,TSK0751,Flight Delay,2024-01-16 22:02:00,Kolkata
DSR0110,TSK0033,Weather Conditions,2024-01-31 09:40:00,Kolkata
DSR0111,TSK0823,Weather Conditions,2024-01-25 09:40:00,Chennai
DSR0112,TSK0710,Flight Delay,2024-01-11 00:08:00,Bangalore
DSR0113,TSK0421,Flight Delay,2024-01-25 18:34:00,Pune
DSR0114,TSK0688,Equipment Failure,2024-01-05 00:34:00,Pune
DSR0115,TSK0670,Emergency Situation,2024-01-11 16:35:00,Hyderabad
DSR0116,TSK0829,Resource Shortage,2024-02-01 00:12:00,Kolkata
DSR0117,TSK0099,Resource Shortage,2024-01-01 15:02:00,Jaipur
DSR0118,TSK0715,Equipment Failure,2024-01-15 14:35:00,Delhi
DSR0119,TSK0279,Resource Shortage,2024-01-10 21:28:00,Hyderabad
DSR0120,TSK0469,Flight Delay,2024-01-31 13:09:00,Hyderabad
DSR0121,TSK0529,Weather Conditions,2024-01-15 10:43:00,Kolkata
DSR0122,TSK0851,Resource Shortage,2024-01-29 18:50:00,Mumbai
DSR0123,TSK0117,Equipment Failure,2024-01-10 13:05:00,Mumbai
DSR0124,TSK0754,Emergency Situation,2024-01-05 16:17:00,Mumbai
DSR0125,TSK0441,Equipment Failure,2024-01-06 22:24:00,Lucknow
DSR0126,TSK0217,Crew Absenteeism,2024-01-15 14:59:00,Hyderabad
DSR0127,TSK0046,Equipment Failure,2024-01-29 13:13:00,Mumbai
DSR0128,TSK0426,Flight Delay,2024-01-03 14:01:00,Jaipur
DSR0129,TSK0780,Weather Conditions,2024-01-06 15:10:00,Bangalore
DSR0130,TSK0603,Weather Conditions,2024-01-11 22:13:00,Chennai
DSR0131,TSK0422,Resource Shortage,2024-01-03 11:54:00,Kolkata
DSR0132,TSK0064,Flight Delay,2024-01-11 14:44:00,Lucknow
DSR0133,TSK0665,Crew Absenteeism,2024-01-24 23:01:00,Kolkata
DSR0134,TSK0130,Flight Delay,2024-01-31 11:47:00,Bangalore
DSR0135,TSK0433,Equipment Failure,2024-01-08 14:24:00,Mumbai
DSR0136,TSK0266,Flight Delay,2024-01-22 03:19:00,Lucknow
DSR0137,TSK0533,Flight Delay,2024-01-19 04:41:00,Chennai
DSR0138,TSK0775,Crew Absenteeism,2024-01-13 15:59:00,Lucknow
DSR0139,TSK0729,Equipment Failure,2024-01-31 17:08:00,Jaipur
DSR0140,TSK0082,Emergency Situation,2024-01-06 13:49:00,Mumbai
DSR0141,TSK0490,Emergency Situation,2024-01-09 01:49:00,Hyderabad
DSR0142,TSK0268,Weather Conditions,2024-01-13 17:43:00,Ahmedabad
DSR0143,TSK0148,Resource Shortage,2024-01-03 23:57:00,Hyderabad
DSR0144,TSK0929,Flight Delay,2024-01-31 22:07:00,Kolkata
DSR0145,TSK0665,Weather Conditions,2024-01-25 00:54:00,Kolkata
DSR0146,TSK0014,Crew Absenteeism,2024-01-04 22:57:00,Hyderabad
DSR0147,TSK0009,Emergency Situation,2024-01-15 17:04:00,Jaipur
DSR0148,TSK0357,Flight Delay,2024-01-31 20:40:00,Ahmedabad
DSR0149,TSK0509,Crew Absenteeism,2024-01-05 07:49:00,Mumbai
DSR0150,TSK0372,Resource Shortage,2024-01-23 06:49:00,Pune
DSR0151,TSK0471,Crew Absenteeism,2024-01-17 12:01:00,Hyderabad
DSR0152,TSK0869,Flight Delay,2024-01-30 15:34:00,Chennai
DSR0153,TSK0620,Resource Shortage,2024-01-13 03:33:00,Hyderabad
DSR0154,TSK0413,Crew Absenteeism,2024-01-20 03:26:00,Bangalore
DSR0155,TSK0443,Resource Shortage,2024-01-04 12:12:00,Kolkata
DSR0156,TSK0315,Flight Delay,2024-01-29 06:24:00,Delhi
DSR0157,TSK0808,Flight Delay,2024-01-22 13:54:00,Lucknow
DSR0158,TSK0225,Resource Shortage,2024-01-05 21:37:00,Kolkata
DSR0159,TSK0304,Equipment Failure,2024-01-29 18:48:00,Ahmedabad
DSR0160,TSK0601,Weather Conditions,2024-01-04 18:11:00,Jaipur
DSR0161,TSK0626,Crew Absenteeism,2024-01-21 06:17:00,Bangalore
DSR0162,TSK0946,Crew Absenteeism,2024-01-09 11:54:00,Chennai
DSR0163,TSK0566,Equipment Failure,2024-01-25 20:34:00,Delhi
DSR0164,TSK0062,Equipment Failure,2024-01-30 07:40:00,Ahmedabad
DSR0165,TSK0432,Equipment Failure,2024-01-14 11:11:00,Hyderabad
DSR0166,TSK0509,Emergency Situation,2024-01-05 11:06:00,Mumbai
DSR0167,TSK0928,Emergency Situation,2024-01-07 11:27:00,Lucknow
DSR0168,TSK0556,Resource Shortage,2024-01-20 06:38:00,Lucknow
DSR0169,TSK0730,Emergency Situation,2024-01-15 15:51:00,Kolkata
DSR0170,TSK0125,Flight Delay,2024-01-12 13:07:00,Ahmedabad
DSR0171,TSK0378,Resource Shortage,2024-01-12 12:21:00,Hyderabad
DSR0172,TSK0625,Crew Absenteeism,2024-01-07 11:16:00,Lucknow
DSR0173,TSK0319,Weather Conditions,2024-01-04 19:00:00,Chennai
DSR0174,TSK0001,Flight Delay,2024-01-11 23:32:00,Kolkata
DSR0175,TSK0075,Crew Absenteeism,2024-01-30 12:38:00,Pune
DSR0176,TSK0309,Crew Absenteeism,2024-01-31 19:02:00,Mumbai
DSR0177,TSK0301,Resource Shortage,2024-01-13 00:52:00,Hyderabad
DSR0178,TSK0840,Equipment Failure,2024-01-15 16:00:00,Bangalore
DSR0179,TSK0133,Equipment Failure,2024-01-13 21:43:00,Kolkata
DSR0180,TSK0852,Flight Delay,2024-01-21 01:34:00,Hyderabad
DSR0181,TSK0053,Equipment Failure,2024-01-04 07:33:00,Bangalore
DSR0182,TSK0155,Crew Absenteeism,2024-01-06 20:16:00,Bangalore
DSR0183,TSK0731,Equipment Failure,2024-01-08 11:31:00,Kolkata
DSR0184,TSK0368,Emergency Situation,2024-01-21 08:24:00,Hyderabad
DSR0185,TSK0179,Equipment Failure,2024-01-07 23:36:00,Chennai
DSR0186,TSK0296,Crew Absenteeism,2024-01-03 11:21:00,Bangalore
DSR0187,TSK0051,Resource Shortage,2024-01-06 05:33:00,Jaipur
DSR0188,TSK0733,Flight Delay,2024-01-20 03:42:00,Hyderabad
DSR0189,TSK0727,Weather Conditions,2024-01-11 20:10:00,Chennai
DSR0190,TSK0423,Equipment Failure,2024-01-07 07:57:00,Ahmedabad
DSR0191,TSK0056,Crew Absenteeism,2024-01-20 06:31:00,Hyderabad
DSR0192,TSK0552,Weather Conditions,2024-01-26 09:05:00,Bangalore
DSR0193,TSK0991,Weather Conditions,2024-01-14 06:06:00,Ahmedabad
DSR0194,TSK0412,Emergency Situation,2024-01-19 14:41:00,Delhi
DSR0195,TSK0671,Weather Conditions,2024-01-06 22:24:00,Kolkata
DSR0196,TSK0155,Resource Shortage,2024-01-06 20:07:00,Bangalore
DSR0197,TSK0529,Crew Absenteeism,2024-01-15 10:32:00,Kolkata
DSR0198,TSK0358,Crew Absenteeism,2024-01-08 06:53:00,Ahmedabad
DSR0199,TSK0302,Equipment Failure,2024-01-06 09:31:00,Lucknow
DSR0200,TSK0309,Equipment Failure,2024-01-31 20:24:00,Mumbai
DSR0201,TSK0633,Equipment Failure,2024-01-16 02:54:00,Delhi
DSR0202,TSK0614,Resource Shortage,2024-01-01 21:09:00,Chennai
DSR0203,TSK0394,Weather Conditions,2024-01-20 05:01:00,Pune
DSR0204,TSK0368,Weather Conditions,2024-01-21 08:55:00,Hyderabad
DSR0205,TSK0316,Emergency Situation,2024-01-20 10:09:00,Mumbai
DSR0206,TSK0664,Resource Shortage,2024-01-29 16:47:00,Mumbai
DSR0207,TSK0730,Equipment Failure,2024-01-15 16:39:00,Kolkata
DSR0208,TSK0253,Flight Delay,2024-01-23 07:05:00,Hyderabad
DSR0209,TSK0627,Emergency Situation,2024-01-08 07:15:00,Bangalore
DSR0210,TSK0666,Flight Delay,2024-01-28 11:55:00,Bangalore
DSR0211,TSK0204,Weather Conditions,2024-01-09 04:43:00,Pune
DSR0212,TSK0554,Emergency Situation,2024-01-24 16:29:00,Kolkata
DSR0213,TSK0458,Emergency Situation,2024-01-01 22:07:00,Bangalore
DSR0214,TSK0451,Crew Absenteeism,2024-01-19 02:47:00,Kolkata
DSR0215,TSK0970,Weather Conditions,2024-01-18 07:21:00,Chennai
DSR0216,TSK0682,Weather Conditions,2024-01-17 10:07:00,Chennai
DSR0217,TSK0801,Resource Shortage,2024-01-05 16:37:00,Lucknow
DSR0218,TSK0280,Emergency Situation,2024-01-09 11:05:00,Delhi
DSR0219,TSK0040,Weather Conditions,2024-01-13 03:25:00,Ahmedabad
DSR0220,TSK0493,Emergency Situation,2024-01-25 23:07:00,Delhi
DSR0221,TSK0755,Resource Shortage,2024-01-27 11:45:00,Hyderabad
DSR0222,TSK0749,Resource Shortage,2024-01-09 04:47:00,Ahmedabad
DSR0223,TSK0582,Crew Absenteeism,2024-01-16 06:17:00,Mumbai
DSR0224,TSK0694,Emergency Situation,2024-01-04 19:23:00,Lucknow
DSR0225,TSK0538,Weather Conditions,2024-01-29 21:13:00,Hyderabad
DSR0226,TSK0686,Weather Conditions,2024-01-22 05:19:00,Jaipur
DSR0227,TSK0345,Emergency Situation,2024-01-04 00:45:00,Delhi
DSR0228,TSK0762,Emergency Situation,2024-01-30 17:01:00,Chennai
DSR0229,TSK0734,Emergency Situation,2024-01-18 04:28:00,Ahmedabad
DSR0230,TSK0783,Equipment Failure,2024-01-08 21:26:00,Ahmedabad
DSR0231,TSK0575,Weather Conditions,2024-01-29 12:44:00,Delhi
DSR0232,TSK0572,Resource Shortage,2024-01-02 09:00:00,Lucknow
DSR0233,TSK0213,Weather Conditions,2024-01-15 04:41:00,Jaipur
DSR0234,TSK0679,Equipment Failure,2024-01-07 11:35:00,Ahmedabad
DSR0235,TSK0861,Emergency Situation,2024-01-17 07:59:00,Jaipur
DSR0236,TSK0248,Crew Absenteeism,2024-01-30 12:18:00,Ahmedabad
DSR0237,TSK0882,Emergency Situation,2024-01-30 23:33:00,Mumbai
DSR0238,TSK0293,Emergency Situation,2024-01-09 22:34:00,Ahmedabad
DSR0239,TSK0887,Equipment Failure,2024-01-08 23:55:00,Bangalore
DSR0240,TSK0367,Weather Conditions,2024-01-01 21:09:00,Kolkata
DSR0241,TSK0821,Emergency Situation,2024-01-09 02:26:00,Ahmedabad
DSR0242,TSK0501,Weather Conditions,2024-01-05 21:33:00,Bangalore
DSR0243,TSK0329,Flight Delay,2024-01-03 07:07:00,Bangalore
DSR0244,TSK0617,Resource Shortage,2024-01-11 23:51:00,Ahmedabad
DSR0245,TSK0470,Weather Conditions,2024-01-19 16:24:00,Mumbai
DSR0246,TSK0452,Crew Absenteeism,2024-01-24 14:34:00,Lucknow
DSR0247,TSK0624,Resource Shortage,2024-01-14 07:14:00,Hyderabad
DSR0248,TSK0736,Crew Absenteeism,2024-01-26 08:13:00,Delhi
DSR0249,TSK0653,Emergency Situation,2024-01-23 19:39:00,Chennai
DSR0250,TSK0361,Resource Shortage,2024-01-24 05:41:00,Pune
DSR0251,TSK0346,Weather Conditions,2024-01-03 11:05:00,Jaipur
DSR0252,TSK0594,Resource Shortage,2024-01-22 04:19:00,Chennai
DSR0253,TSK0176,Emergency Situation,2024-01-29 06:57:00,Kolkata
DSR0254,TSK0231,Equipment Failure,2024-01-07 10:50:00,Mumbai
DSR0255,TSK0582,Crew Absenteeism,2024-01-16 06:06:00,Mumbai
DSR0256,TSK0410,Emergency Situation,2024-01-23 14:28:00,Ahmedabad
DSR0257,TSK0626,Equipment Failure,2024-01-21 06:50:00,Bangalore
DSR0258,TSK0197,Resource Shortage,2024-01-19 05:06:00,Lucknow
DSR0259,TSK0650,Resource Shortage,2024-01-20 18:53:00,Bangalore
DSR0260,TSK0749,Emergency Situation,2024-01-09 02:12:00,Ahmedabad
DSR0261,TSK0338,Weather Conditions,2024-01-09 03:48:00,Jaipur
DSR0262,TSK0990,Resource Shortage,2024-01-02 11:04:00,Kolkata
DSR0263,TSK0552,Weather Conditions,2024-01-26 11:57:00,Bangalore
DSR0264,TSK0552,Weather Conditions,2024-01-26 09:16:00,Bangalore
DSR0265,TSK0892,Weather Conditions,2024-01-13 02:20:00,Ahmedabad
DSR0266,TSK0060,Flight Delay,2024-01-07 13:13:00,Bangalore
DSR0267,TSK0109,Equipment Failure,2024-01-23 18:21:00,Bangalore
DSR0268,TSK0509,Equipment Failure,2024-01-05 09:30:00,Mumbai
DSR0269,TSK0766,Resource Shortage,2024-01-01 01:46:00,Chennai
DSR0270,TSK0741,Resource Shortage,2024-01-01 08:25:00,Ahmedabad
DSR0271,TSK0503,Weather Conditions,2024-01-10 16:49:00,Pune
DSR0272,TSK0346,Flight Delay,2024-01-03 10:56:00,Jaipur
DSR0273,TSK0947,Weather Conditions,2024-01-12 13:54:00,Hyderabad
DSR0274,TSK0654,Flight Delay,2024-01-25 01:30:00,Lucknow
DSR0275,TSK0320,Weather Conditions,2024-01-03 14:41:00,Chennai
DSR0276,TSK0389,Crew Absenteeism,2024-01-08 11:37:00,Kolkata
DSR0277,TSK0546,Crew Absenteeism,2024-01-20 01:21:00,Hyderabad
DSR0278,TSK0415,Emergency Situation,2024-01-01 12:01:00,Delhi
DSR0279,TSK0229,Weather Conditions,2024-01-03 20:55:00,Kolkata
DSR0280,TSK0782,Resource Shortage,2024-01-27 07:29:00,Ahmedabad
DSR0281,TSK0727,Equipment Failure,2024-01-11 20:39:00,Chennai
DSR0282,TSK0247,Emergency Situation,2024-01-26 03:31:00,Delhi
DSR0283,TSK0155,Resource Shortage,2024-01-06 20:09:00,Bangalore
DSR0284,TSK0985,Crew Absenteeism,2024-01-31 03:51:00,Mumbai
DSR0285,TSK0748,Weather Conditions,2024-01-08 00:12:00,Kolkata
DSR0286,TSK0170,Emergency Situation,2024-01-20 09:39:00,Lucknow
DSR0287,TSK0827,Weather Conditions,2024-01-06 04:17:00,Kolkata
DSR0288,TSK0909,Crew Absenteeism,2024-01-06 14:13:00,Bangalore
DSR0289,TSK0577,Emergency Situation,2024-01-11 05:33:00,Pune
DSR0290,TSK0756,Crew Absenteeism,2024-01-09 21:29:00,Pune
DSR0291,TSK0165,Flight Delay,2024-01-04 23:23:00,Jaipur
DSR0292,TSK0128,Crew Absenteeism,2024-01-27 20:53:00,Jaipur
DSR0293,TSK0318,Weather Conditions,2024-01-31 17:59:00,Pune
DSR0294,TSK0881,Equipment Failure,2024-01-25 03:10:00,Delhi
DSR0295,TSK0058,Crew Absenteeism,2024-01-03 23:22:00,Bangalore
DSR0296,TSK0616,Resource Shortage,2024-01-25 11:37:00,Bangalore
DSR0297,TSK0587,Equipment Failure,2024-01-02 18:22:00,Delhi
DSR0298,TSK0759,Flight Delay,2024-01-26 05:37:00,Ahmedabad
DSR0299,TSK0931,Emergency Situation,2024-01-02 13:24:00,Hyderabad
DSR0300,TSK0681,Emergency Situation,2024-01-08 18:03:00,Kolkata
DSR0301,TSK0530,Equipment Failure,2024-01-06 07:50:00,Chennai
DSR0302,TSK0659,Emergency Situation,2024-01-17 21:55:00,Lucknow
DSR0303,TSK0732,Crew Absenteeism,2024-01-08 12:00:00,Mumbai
DSR0304,TSK0772,Equipment Failure,2024-01-16 18:07:00,Bangalore
DSR0305,TSK0684,Weather Conditions,2024-01-30 07:13:00,Ahmedabad
DSR0306,TSK0811,Crew Absenteeism,2024-01-15 00:34:00,Ahmedabad
DSR0307,TSK0789,Crew Absenteeism,2024-01-26 02:59:00,Lucknow
DSR0308,TSK0502,Crew Absenteeism,2024-01-09 06:29:00,Kolkata
DSR0309,TSK0952,Weather Conditions,2024-01-04 16:44:00,Lucknow
DSR0310,TSK0253,Flight Delay,2024-01-23 06:41:00,Hyderabad
DSR0311,TSK0220,Resource Shortage,2024-01-27 15:43:00,Kolkata
DSR0312,TSK0062,Emergency Situation,2024-01-30 08:25:00,Ahmedabad
DSR0313,TSK0098,Equipment Failure,2024-01-23 14:00:00,Mumbai
DSR0314,TSK0034,Flight Delay,2024-01-18 12:17:00,Kolkata
DSR0315,TSK0334,Equipment Failure,2024-01-24 02:37:00,Pune
DSR0316,TSK0277,Emergency Situation,2024-01-30 16:51:00,Mumbai
DSR0317,TSK0026,Weather Conditions,2024-01-14 03:05:00,Jaipur
DSR0318,TSK0228,Crew Absenteeism,2024-01-12 19:10:00,Bangalore
DSR0319,TSK0329,Crew Absenteeism,2024-01-03 07:07:00,Bangalore
DSR0320,TSK0384,Weather Conditions,2024-01-14 18:14:00,Bangalore
DSR0321,TSK0118,Flight Delay,2024-01-03 15:01:00,Pune
DSR0322,TSK0660,Flight Delay,2024-01-03 05:51:00,Mumbai
DSR0323,TSK0859,Equipment Failure,2024-01-13 16:21:00,Pune
DSR0324,TSK0250,Weather Conditions,2024-01-20 05:27:00,Hyderabad
DSR0325,TSK0224,Flight Delay,2024-01-02 11:52:00,Kolkata
DSR0326,TSK0704,Weather Conditions,2024-01-02 16:51:00,Pune
DSR0327,TSK0972,Emergency Situation,2024-01-30 01:09:00,Ahmedabad
DSR0328,TSK0446,Crew Absenteeism,2024-01-11 00:33:00,Bangalore
DSR0329,TSK0691,Crew Absenteeism,2024-01-07 13:55:00,Mumbai
DSR0330,TSK0151,Crew Absenteeism,2024-01-11 03:58:00,Chennai
DSR0331,TSK0256,Weather Conditions,2024-01-20 01:23:00,Jaipur
DSR0332,TSK0887,Weather Conditions,2024-01-09 00:05:00,Bangalore
DSR0333,TSK0517,Equipment Failure,2024-01-20 06:22:00,Delhi
DSR0334,TSK0353,Crew Absenteeism,2024-01-20 20:50:00,Mumbai
DSR0335,TSK0568,Equipment Failure,2024-01-15 22:14:00,Delhi
DSR0336,TSK0007,Crew Absenteeism,2024-01-22 23:32:00,Chennai
DSR0337,TSK0326,Equipment Failure,2024-01-22 01:22:00,Pune
DSR0338,TSK0934,Equipment Failure,2024-01-03 18:21:00,Bangalore
DSR0339,TSK0678,Emergency Situation,2024-01-15 21:56:00,Mumbai
DSR0340,TSK0121,Equipment Failure,2024-01-21 22:19:00,Lucknow
DSR0341,TSK0096,Weather Conditions,2024-01-26 04:12:00,Ahmedabad
DSR0342,TSK0744,Equipment Failure,2024-01-01 04:40:00,Ahmedabad
DSR0343,TSK0917,Crew Absenteeism,2024-01-01 07:38:00,Bangalore
DSR0344,TSK0730,Equipment Failure,2024-01-15 16:54:00,Kolkata
DSR0345,TSK0288,Flight Delay,2024-01-28 19:54:00,Mumbai
DSR0346,TSK0071,Resource Shortage,2024-01-22 00:45:00,Ahmedabad
DSR0347,TSK0413,Crew Absenteeism,2024-01-20 03:39:00,Bangalore
DSR0348,TSK0319,Flight Delay,2024-01-04 19:18:00,Chennai
DSR0349,TSK0191,Crew Absenteeism,2024-01-22 16:28:00,Kolkata
DSR0350,TSK0523,Weather Conditions,2024-01-04 21:20:00,Pune
DSR0351,TSK0558,Resource Shortage,2024-01-31 08:10:00,Pune
DSR0352,TSK0398,Resource Shortage,2024-01-31 07:36:00,Ahmedabad
DSR0353,TSK0058,Weather Conditions,2024-01-03 23:13:00,Bangalore
DSR0354,TSK0973,Resource Shortage,2024-01-25 02:42:00,Bangalore
DSR0355,TSK0492,Weather Conditions,2024-01-17 11:01:00,Chennai
DSR0356,TSK0106,Flight Delay,2024-01-11 07:18:00,Kolkata
DSR0357,TSK0132,Emergency Situation,2024-01-28 11:49:00,Mumbai
DSR0358,TSK0073,Crew Absenteeism,2024-01-05 17:19:00,Kolkata
DSR0359,TSK0531,Weather Conditions,2024-01-10 17:03:00,Chennai
DSR0360,TSK0376,Crew Absenteeism,2024-01-04 00:56:00,Delhi
DSR0361,TSK0991,Flight Delay,2024-01-14 04:57:00,Ahmedabad
DSR0362,TSK0954,Emergency Situation,2024-01-01 09:30:00,Jaipur
DSR0363,TSK0518,Flight Delay,2024-01-22 17:20:00,Chennai
DSR0364,TSK0794,Resource Shortage,2024-01-26 17:20:00,Kolkata
DSR0365,TSK0832,Crew Absenteeism,2024-01-24 23:22:00,Bangalore
DSR0366,TSK0576,Emergency Situation,2024-01-15 16:10:00,Lucknow
DSR0367,TSK0282,Resource Shortage,2024-01-21 13:32:00,Mumbai
DSR0368,TSK0757,Emergency Situation,2024-01-10 19:13:00,Ahmedabad
DSR0369,TSK0129,Resource Shortage,2024-01-14 07:46:00,Hyderabad
DSR0370,TSK0613,Flight Delay,2024-01-15 01:35:00,Bangalore
DSR0371,TSK0897,Weather Conditions,2024-01-18 05:26:00,Ahmedabad
DSR0372,TSK0317,Crew Absenteeism,2024-01-08 03:06:00,Chennai
DSR0373,TSK0754,Equipment Failure,2024-01-05 16:39:00,Mumbai
DSR0374,TSK0130,Equipment Failure,2024-01-31 12:19:00,Bangalore
DSR0375,TSK0724,Flight Delay,2024-01-30 00:14:00,Pune
DSR0376,TSK0349,Crew Absenteeism,2024-01-26 16:37:00,Hyderabad
DSR0377,TSK0961,Crew Absenteeism,2024-01-17 18:26:00,Ahmedabad
DSR0378,TSK0341,Flight Delay,2024-01-05 13:36:00,Chennai
DSR0379,TSK0079,Crew Absenteeism,2024-01-21 17:29:00,Chennai
DSR0380,TSK0444,Weather Conditions,2024-01-11 11:43:00,Jaipur
DSR0381,TSK0397,Flight Delay,2024-01-02 08:30:00,Chennai
DSR0382,TSK0760,Weather Conditions,2024-01-22 19:47:00,Jaipur
DSR0383,TSK0861,Crew Absenteeism,2024-01-17 08:53:00,Jaipur
DSR0384,TSK0398,Flight Delay,2024-01-31 09:51:00,Ahmedabad
DSR0385,TSK0530,Crew Absenteeism,2024-01-06 07:13:00,Chennai
DSR0386,TSK0460,Flight Delay,2024-01-11 19:33:00,Chennai
DSR0387,TSK0260,Crew Absenteeism,2024-01-27 09:06:00,Chennai
DSR0388,TSK0127,Weather Conditions,2024-01-27 23:26:00,Jaipur
DSR0389,TSK0670,Weather Conditions,2024-01-11 17:28:00,Hyderabad
DSR0390,TSK0266,Crew Absenteeism,2024-01-22 03:19:00,Lucknow
DSR0391,TSK0976,Flight Delay,2024-01-14 07:40:00,Kolkata
DSR0392,TSK0530,Equipment Failure,2024-01-06 07:18:00,Chennai
DSR0393,TSK0184,Weather Conditions,2024-01-14 08:20:00,Jaipur
DSR0394,TSK0239,Weather Conditions,2024-01-15 19:19:00,Delhi
DSR0395,TSK0574,Resource Shortage,2024-01-21 10:36:00,Bangalore
DSR0396,TSK0232,Equipment Failure,2024-01-31 00:01:00,Delhi
DSR0397,TSK0046,Crew Absenteeism,2024-01-29 10:59:00,Mumbai
DSR0398,TSK0966,Flight Delay,2024-01-19 07:30:00,Chennai
DSR0399,TSK0983,Resource Shortage,2024-01-24 20:28:00,Mumbai
DSR0400,TSK0499,Crew Absenteeism,2024-01-30 12:39:00,Bangalore
DSR0401,TSK0215,Emergency Situation,2024-01-20 06:26:00,Mumbai
DSR0402,TSK0018,Weather Conditions,2024-01-02 03:21:00,Ahmedabad
DSR0403,TSK0021,Emergency Situation,2024-01-01 22:18:00,Bangalore
DSR0404,TSK0637,Weather Conditions,2024-01-05 11:12:00,Jaipur
DSR0405,TSK0532,Weather Conditions,2024-01-29 04:11:00,Lucknow
DSR0406,TSK0507,Emergency Situation,2024-01-04 13:37:00,Kolkata
DSR0407,TSK0169,Emergency Situation,2024-01-01 15:24:00,Jaipur
DSR0408,TSK0895,Crew Absenteeism,2024-01-21 17:55:00,Kolkata
DSR0409,TSK0377,Resource Shortage,2024-01-09 09:31:00,Bangalore
DSR0410,TSK0508,Resource Shortage,2024-01-27 13:32:00,Jaipur
DSR0411,TSK0326,Emergency Situation,2024-01-22 02:03:00,Pune
DSR0412,TSK0003,Crew Absenteeism,2024-01-31 17:42:00,Kolkata
DSR0413,TSK0225,Resource Shortage,2024-01-05 20:31:00,Kolkata
DSR0414,TSK0687,Crew Absenteeism,2024-01-02 08:22:00,Ahmedabad
DSR0415,TSK0214,Crew Absenteeism,2024-01-25 03:33:00,Delhi
DSR0416,TSK0185,Weather Conditions,2024-01-15 08:09:00,Chennai
DSR0417,TSK0292,Resource Shortage,2024-01-11 06:36:00,Hyderabad
DSR0418,TSK0644,Resource Shortage,2024-01-04 22:28:00,Bangalore
DSR0419,TSK0972,Weather Conditions,2024-01-30 00:40:00,Ahmedabad
DSR0420,TSK0726,Emergency Situation,2024-01-12 18:37:00,Chennai
DSR0421,TSK0457,Weather Conditions,2024-01-28 16:32:00,Hyderabad
DSR0422,TSK0249,Resource Shortage,2024-01-03 13:28:00,Lucknow
DSR0423,TSK0094,Resource Shortage,2024-01-25 01:00:00,Pune
DSR0424,TSK0779,Emergency Situation,2024-01-25 16:43:00,Chennai
DSR0425,TSK0256,Weather Conditions,2024-01-20 01:02:00,Jaipur
DSR0426,TSK0477,Flight Delay,2024-01-31 19:34:00,Chennai
DSR0427,TSK0027,Flight Delay,2024-01-28 22:28:00,Mumbai
DSR0428,TSK0041,Emergency Situation,2024-01-18 23:53:00,Jaipur
DSR0429,TSK0637,Weather Conditions,2024-01-05 08:48:00,Jaipur
DSR0430,TSK0801,Weather Conditions,2024-01-05 17:00:00,Lucknow
DSR0431,TSK0295,Crew Absenteeism,2024-01-24 23:44:00,Lucknow
DSR0432,TSK0331,Resource Shortage,2024-01-31 06:43:00,Kolkata
DSR0433,TSK0391,Equipment Failure,2024-01-13 10:39:00,Lucknow
DSR0434,TSK0592,Emergency Situation,2024-01-18 14:04:00,Pune
DSR0435,TSK0492,Equipment Failure,2024-01-17 10:29:00,Chennai
DSR0436,TSK0897,Equipment Failure,2024-01-18 05:36:00,Ahmedabad
DSR0437,TSK0757,Emergency Situation,2024-01-10 19:45:00,Ahmedabad
DSR0438,TSK0609,Weather Conditions,2024-01-30 17:42:00,Bangalore
DSR0439,TSK0873,Emergency Situation,2024-01-08 05:14:00,Lucknow
DSR0440,TSK0346,Equipment Failure,2024-01-03 11:59:00,Jaipur
DSR0441,TSK0975,Resource Shortage,2024-01-15 03:39:00,Ahmedabad
DSR0442,TSK0618,Resource Shortage,2024-01-02 02:53:00,Kolkata
DSR0443,TSK0405,Resource Shortage,2024-01-08 23:06:00,Chennai
DSR0444,TSK0776,Weather Conditions,2024-01-22 12:12:00,Hyderabad
DSR0445,TSK0601,Flight Delay,2024-01-04 18:22:00,Jaipur
DSR0446,TSK0585,Emergency Situation,2024-01-25 21:55:00,Ahmedabad
DSR0447,TSK0921,Resource Shortage,2024-01-15 09:08:00,Ahmedabad
DSR0448,TSK0672,Emergency Situation,2024-01-23 03:16:00,Pune
DSR0449,TSK0891,Resource Shortage,2024-01-31 22:03:00,Chennai
DSR0450,TSK0285,Weather Conditions,2024-01-24 05:25:00,Pune
DSR0451,TSK0344,Flight Delay,2024-01-23 06:56:00,Lucknow
DSR0452,TSK0893,Flight Delay,2024-01-29 16:35:00,Ahmedabad
DSR0453,TSK0277,Resource Shortage,2024-01-30 15:14:00,Mumbai
DSR0454,TSK0421,Weather Conditions,2024-01-25 18:52:00,Pune
DSR0455,TSK0771,Crew Absenteeism,2024-01-13 02:11:00,Lucknow
DSR0456,TSK0293,Emergency Situation,2024-01-09 23:22:00,Ahmedabad
DSR0457,TSK0542,Emergency Situation,2024-01-16 16:16:00,Lucknow
DSR0458,TSK0381,Equipment Failure,2024-01-29 19:45:00,Delhi
DSR0459,TSK0105,Weather Conditions,2024-01-30 16:00:00,Ahmedabad
DSR0460,TSK0902,Equipment Failure,2024-01-13 05:55:00,Delhi
DSR0461,TSK0574,Resource Shortage,2024-01-21 11:11:00,Bangalore
DSR0462,TSK0757,Equipment Failure,2024-01-10 20:15:00,Ahmedabad
DSR0463,TSK0266,Flight Delay,2024-01-22 03:38:00,Lucknow
DSR0464,TSK0895,Emergency Situation,2024-01-21 19:39:00,Kolkata
DSR0465,TSK0221,Equipment Failure,2024-01-04 01:07:00,Delhi
DSR0466,TSK1000,Flight Delay,2024-01-15 07:01:00,Chennai
DSR0467,TSK0993,Weather Conditions,2024-01-18 14:57:00,Kolkata
DSR0468,TSK0448,Equipment Failure,2024-01-25 01:04:00,Delhi
DSR0469,TSK0735,Resource Shortage,2024-01-27 20:24:00,Kolkata
DSR0470,TSK0331,Resource Shortage,2024-01-31 06:47:00,Kolkata
DSR0471,TSK0446,Resource Shortage,2024-01-11 01:50:00,Bangalore
DSR0472,TSK0998,Emergency Situation,2024-01-26 09:09:00,Kolkata
DSR0473,TSK0645,Equipment Failure,2024-01-10 21:00:00,Pune
DSR0474,TSK0914,Weather Conditions,2024-01-29 07:23:00,Mumbai
DSR0475,TSK0897,Equipment Failure,2024-01-18 05:14:00,Ahmedabad
DSR0476,TSK0118,Emergency Situation,2024-01-03 15:02:00,Pune
DSR0477,TSK0772,Flight Delay,2024-01-16 18:48:00,Bangalore
DSR0478,TSK0831,Emergency Situation,2024-01-15 04:37:00,Chennai
DSR0479,TSK0896,Resource Shortage,2024-01-18 14:31:00,Bangalore
DSR0480,TSK0650,Flight Delay,2024-01-20 17:28:00,Bangalore
DSR0481,TSK0492,Resource Shortage,2024-01-17 10:41:00,Chennai
DSR0482,TSK0275,Crew Absenteeism,2024-01-12 10:58:00,Mumbai
DSR0483,TSK0703,Emergency Situation,2024-01-09 09:25:00,Mumbai
DSR0484,TSK0870,Emergency Situation,2024-01-12 12:31:00,Mumbai
DSR0485,TSK0323,Weather Conditions,2024-01-11 04:18:00,Kolkata
DSR0486,TSK0564,Equipment Failure,2024-01-15 13:31:00,Mumbai
DSR0487,TSK0732,Flight Delay,2024-01-08 11:13:00,Mumbai
DSR0488,TSK0559,Flight Delay,2024-01-19 13:52:00,Jaipur
DSR0489,TSK0146,Weather Conditions,2024-01-19 16:41:00,Delhi
DSR0490,TSK0353,Weather Conditions,2024-01-20 19:10:00,Mumbai
DSR0491,TSK0638,Equipment Failure,2024-01-13 15:50:00,Ahmedabad
DSR0492,TSK0222,Resource Shortage,2024-01-30 06:38:00,Lucknow
DSR0493,TSK0882,Equipment Failure,2024-01-30 23:23:00,Mumbai
DSR0494,TSK0049,Emergency Situation,2024-01-06 03:13:00,Chennai
DSR0495,TSK0751,Resource Shortage,2024-01-16 22:33:00,Kolkata
DSR0496,TSK0579,Crew Absenteeism,2024-01-01 16:17:00,Bangalore
DSR0497,TSK0852,Equipment Failure,2024-01-21 01:48:00,Hyderabad
DSR0498,TSK0243,Weather Conditions,2024-01-19 02:15:00,Kolkata
DSR0499,TSK0222,Resource Shortage,2024-01-30 07:03:00,Lucknow
DSR0500,TSK0177,Equipment Failure,2024-01-06 00:04:00,Lucknow
DSR0501,TSK0767,Flight Delay,2024-01-08 11:37:00,Hyderabad
DSR0502,TSK0617,Crew Absenteeism,2024-01-11 23:26:00,Ahmedabad
DSR0503,TSK0704,Emergency Situation,2024-01-02 15:52:00,Pune
DSR0504,TSK0259,Flight Delay,2024-01-10 16:49:00,Lucknow
DSR0505,TSK0323,Flight Delay,2024-01-11 04:27:00,Kolkata
DSR0506,TSK0949,Crew Absenteeism,2024-01-19 12:25:00,Chennai
DSR0507,TSK0403,Emergency Situation,2024-01-05 08:42:00,Mumbai
DSR0508,TSK0399,Weather Conditions,2024-01-14 04:33:00,Bangalore
DSR0509,TSK0177,Resource Shortage,2024-01-06 00:04:00,Lucknow
DSR0510,TSK0211,Emergency Situation,2024-01-04 14:24:00,Ahmedabad
DSR0511,TSK0251,Equipment Failure,2024-01-05 21:50:00,Mumbai
DSR0512,TSK0327,Flight Delay,2024-01-27 20:29:00,Chennai
DSR0513,TSK0179,Equipment Failure,2024-01-07 22:57:00,Chennai
DSR0514,TSK0962,Weather Conditions,2024-01-21 08:14:00,Bangalore
DSR0515,TSK0889,Equipment Failure,2024-01-25 04:07:00,Mumbai
DSR0516,TSK0237,Emergency Situation,2024-01-06 18:00:00,Jaipur
DSR0517,TSK0690,Equipment Failure,2024-01-18 20:21:00,Delhi
DSR0518,TSK0553,Weather Conditions,2024-01-03 11:26:00,Bangalore
DSR0519,TSK0926,Weather Conditions,2024-01-29 09:46:00,Jaipur
DSR0520,TSK0180,Weather Conditions,2024-01-10 12:48:00,Pune
DSR0521,TSK0626,Emergency Situation,2024-01-21 06:31:00,Bangalore
DSR0522,TSK0859,Weather Conditions,2024-01-13 15:47:00,Pune
DSR0523,TSK0196,Flight Delay,2024-01-26 23:18:00,Lucknow
DSR0524,TSK0944,Weather Conditions,2024-01-14 01:48:00,Jaipur
DSR0525,TSK0206,Equipment Failure,2024-01-15 17:32:00,Jaipur
DSR0526,TSK0848,Resource Shortage,2024-01-11 11:12:00,Lucknow
DSR0527,TSK0607,Equipment Failure,2024-01-03 19:22:00,Jaipur
DSR0528,TSK0696,Resource Shortage,2024-01-29 12:57:00,Mumbai
DSR0529,TSK0606,Equipment Failure,2024-01-18 18:57:00,Jaipur
DSR0530,TSK0933,Emergency Situation,2024-01-08 06:11:00,Ahmedabad
DSR0531,TSK0279,Equipment Failure,2024-01-10 21:36:00,Hyderabad
DSR0532,TSK0769,Emergency Situation,2024-01-22 11:28:00,Pune
DSR0533,TSK0872,Emergency Situation,2024-01-19 01:52:00,Jaipur
DSR0534,TSK0081,Weather Conditions,2024-01-06 22:50:00,Kolkata
DSR0535,TSK0203,Flight Delay,2024-01-08 09:05:00,Lucknow
DSR0536,TSK0929,Resource Shortage,2024-01-31 22:23:00,Kolkata
DSR0537,TSK0868,Weather Conditions,2024-01-11 12:18:00,Chennai
DSR0538,TSK0189,Weather Conditions,2024-01-17 02:18:00,Pune
DSR0539,TSK0314,Emergency Situation,2024-01-15 13:58:00,Hyderabad
DSR0540,TSK0999,Emergency Situation,2024-01-26 17:44:00,Mumbai
DSR0541,TSK0723,Resource Shortage,2024-01-03 18:39:00,Delhi
DSR0542,TSK0815,Equipment Failure,2024-01-21 01:10:00,Kolkata
DSR0543,TSK0186,Equipment Failure,2024-01-08 20:29:00,Pune
DSR0544,TSK0766,Weather Conditions,2024-01-01 02:47:00,Chennai
DSR0545,TSK0234,Crew Absenteeism,2024-01-14 06:52:00,Hyderabad
DSR0546,TSK0844,Crew Absenteeism,2024-01-06 09:41:00,Jaipur
DSR0547,TSK0623,Equipment Failure,2024-01-19 22:56:00,Kolkata
DSR0548,TSK0294,Crew Absenteeism,2024-01-18 07:49:00,Chennai
DSR0549,TSK0964,Equipment Failure,2024-01-01 16:07:00,Hyderabad
DSR0550,TSK0368,Emergency Situation,2024-01-21 08:25:00,Hyderabad
DSR0551,TSK0127,Weather Conditions,2024-01-28 01:11:00,Jaipur
DSR0552,TSK0107,Flight Delay,2024-01-04 03:24:00,Jaipur
DSR0553,TSK0229,Weather Conditions,2024-01-03 20:30:00,Kolkata
DSR0554,TSK0542,Equipment Failure,2024-01-16 16:41:00,Lucknow
DSR0555,TSK0521,Equipment Failure,2024-01-30 18:38:00,Lucknow
DSR0556,TSK0582,Weather Conditions,2024-01-16 07:45:00,Mumbai
DSR0557,TSK0737,Resource Shortage,2024-01-17 04:36:00,Mumbai
DSR0558,TSK0112,Equipment Failure,2024-01-13 21:50:00,Delhi
DSR0559,TSK0738,Crew Absenteeism,2024-01-08 01:47:00,Delhi
DSR0560,TSK0044,Crew Absenteeism,2024-01-26 15:49:00,Mumbai
DSR0561,TSK0847,Equipment Failure,2024-01-03 01:35:00,Kolkata
DSR0562,TSK0130,Equipment Failure,2024-01-31 11:50:00,Bangalore
DSR0563,TSK0167,Resource Shortage,2024-01-10 16:38:00,Kolkata
DSR0564,TSK0306,Crew Absenteeism,2024-01-29 06:12:00,Jaipur
DSR0565,TSK0373,Equipment Failure,2024-01-12 16:43:00,Mumbai
DSR0566,TSK0182,Equipment Failure,2024-01-25 05:25:00,Pune
DSR0567,TSK0141,Resource Shortage,2024-01-10 20:25:00,Delhi
DSR0568,TSK0698,Resource Shortage,2024-01-23 03:21:00,Chennai
DSR0569,TSK0515,Weather Conditions,2024-01-04 14:40:00,Kolkata
DSR0570,TSK0164,Resource Shortage,2024-01-26 04:14:00,Lucknow
DSR0571,TSK0279,Flight Delay,2024-01-10 21:06:00,Hyderabad
DSR0572,TSK0916,Crew Absenteeism,2024-01-14 11:13:00,Bangalore
DSR0573,TSK0048,Weather Conditions,2024-01-01 18:04:00,Mumbai
DSR0574,TSK0154,Flight Delay,2024-01-06 10:54:00,Hyderabad
DSR0575,TSK0363,Equipment Failure,2024-01-01 12:35:00,Jaipur
DSR0576,TSK0104,Equipment Failure,2024-01-25 07:22:00,Ahmedabad
DSR0577,TSK0375,Weather Conditions,2024-01-26 03:47:00,Hyderabad
DSR0578,TSK0927,Resource Shortage,2024-01-05 16:01:00,Delhi
DSR0579,TSK0486,Equipment Failure,2024-01-11 01:40:00,Hyderabad
DSR0580,TSK0071,Emergency Situation,2024-01-22 00:50:00,Ahmedabad
DSR0581,TSK0758,Weather Conditions,2024-01-05 07:56:00,Chennai
DSR0582,TSK0718,Flight Delay,2024-02-01 01:39:00,Chennai
DSR0583,TSK0455,Weather Conditions,2024-01-15 08:08:00,Hyderabad
DSR0584,TSK0898,Crew Absenteeism,2024-01-20 02:14:00,Mumbai
DSR0585,TSK0380,Resource Shortage,2024-01-01 02:48:00,Lucknow
DSR0586,TSK0143,Resource Shortage,2024-01-13 15:23:00,Kolkata
DSR0587,TSK0940,Weather Conditions,2024-01-05 20:53:00,Delhi
DSR0588,TSK0997,Equipment Failure,2024-01-10 10:15:00,Ahmedabad
DSR0589,TSK0716,Equipment Failure,2024-01-10 00:56:00,Chennai
DSR0590,TSK0015,Emergency Situation,2024-01-01 07:19:00,Pune
DSR0591,TSK0530,Emergency Situation,2024-01-06 07:43:00,Chennai
DSR0592,TSK0245,Resource Shortage,2024-01-08 03:05:00,Delhi
DSR0593,TSK0795,Emergency Situation,2024-01-28 05:23:00,Pune
DSR0594,TSK0793,Flight Delay,2024-01-16 15:11:00,Ahmedabad
DSR0595,TSK0582,Emergency Situation,2024-01-16 05:39:00,Mumbai
DSR0596,TSK0007,Flight Delay,2024-01-22 23:30:00,Chennai
DSR0597,TSK0969,Emergency Situation,2024-01-22 02:43:00,Kolkata
DSR0598,TSK0576,Resource Shortage,2024-01-15 16:36:00,Lucknow
DSR0599,TSK0185,Resource Shortage,2024-01-15 06:56:00,Chennai
DSR0600,TSK0868,Flight Delay,2024-01-11 13:25:00,Chennai
DSR0601,TSK0132,Weather Conditions,2024-01-28 11:55:00,Mumbai
DSR0602,TSK0358,Resource Shortage,2024-01-08 07:39:00,Ahmedabad
DSR0603,TSK0439,Weather Conditions,2024-01-01 16:35:00,Ahmedabad
DSR0604,TSK0776,Equipment Failure,2024-01-22 10:25:00,Hyderabad
DSR0605,TSK0566,Flight Delay,2024-01-25 20:51:00,Delhi
DSR0606,TSK0087,Resource Shortage,2024-01-27 13:22:00,Delhi
DSR0607,TSK0514,Crew Absenteeism,2024-01-05 20:04:00,Lucknow
DSR0608,TSK0655,Equipment Failure,2024-01-04 02:51:00,Lucknow
DSR0609,TSK0982,Weather Conditions,2024-01-12 12:07:00,Hyderabad
DSR0610,TSK0152,Resource Shortage,2024-01-20 20:18:00,Ahmedabad
DSR0611,TSK0816,Flight Delay,2024-01-22 03:33:00,Pune
DSR0612,TSK0714,Emergency Situation,2024-01-05 03:40:00,Ahmedabad
DSR0613,TSK0062,Crew Absenteeism,2024-01-30 07:39:00,Ahmedabad
DSR0614,TSK0236,Weather Conditions,2024-01-19 01:39:00,Lucknow
DSR0615,TSK0803,Equipment Failure,2024-01-30 04:43:00,Chennai
DSR0616,TSK0131,Flight Delay,2024-01-13 17:39:00,Chennai
DSR0617,TSK0824,Crew Absenteeism,2024-01-09 00:06:00,Bangalore
DSR0618,TSK0370,Flight Delay,2024-01-25 01:58:00,Mumbai
DSR0619,TSK0328,Resource Shortage,2024-01-09 09:42:00,Hyderabad
DSR0620,TSK0309,Emergency Situation,2024-01-31 19:04:00,Mumbai
DSR0621,TSK0284,Equipment Failure,2024-01-14 09:29:00,Hyderabad
DSR0622,TSK0363,Flight Delay,2024-01-01 13:18:00,Jaipur
DSR0623,TSK0945,Weather Conditions,2024-01-28 19:45:00,Bangalore
DSR0624,TSK0466,Resource Shortage,2024-01-17 18:31:00,Mumbai
DSR0625,TSK0047,Resource Shortage,2024-01-29 01:20:00,Jaipur
DSR0626,TSK0228,Equipment Failure,2024-01-12 17:58:00,Bangalore
DSR0627,TSK0513,Resource Shortage,2024-01-09 20:26:00,Chennai
DSR0628,TSK0847,Weather Conditions,2024-01-03 02:45:00,Kolkata
DSR0629,TSK0442,Flight Delay,2024-01-18 02:32:00,Pune
DSR0630,TSK0277,Equipment Failure,2024-01-30 15:34:00,Mumbai
DSR0631,TSK0523,Resource Shortage,2024-01-04 21:42:00,Pune
DSR0632,TSK0841,Resource Shortage,2024-01-02 01:55:00,Mumbai
DSR0633,TSK0569,Weather Conditions,2024-01-05 05:07:00,Kolkata
DSR0634,TSK0711,Emergency Situation,2024-01-26 10:55:00,Delhi
DSR0635,TSK0616,Emergency Situation,2024-01-25 13:57:00,Bangalore
DSR0636,TSK0938,Resource Shortage,2024-01-14 09:22:00,Lucknow
DSR0637,TSK0510,Flight Delay,2024-01-16 03:07:00,Mumbai
DSR0638,TSK0521,Equipment Failure,2024-01-30 18:05:00,Lucknow
DSR0639,TSK0411,Resource Shortage,2024-01-02 07:23:00,Mumbai
DSR0640,TSK0050,Crew Absenteeism,2024-01-18 22:51:00,Ahmedabad
DSR0641,TSK0669,Equipment Failure,2024-01-01 04:46:00,Chennai
DSR0642,TSK0119,Emergency Situation,2024-01-03 14:58:00,Mumbai
DSR0643,TSK0904,Resource Shortage,2024-01-26 11:03:00,Pune
DSR0644,TSK0990,Weather Conditions,2024-01-02 11:06:00,Kolkata
DSR0645,TSK0039,Crew Absenteeism,2024-01-09 03:52:00,Ahmedabad
DSR0646,TSK0508,Resource Shortage,2024-01-27 13:47:00,Jaipur
DSR0647,TSK0244,Flight Delay,2024-01-07 23:57:00,Bangalore
DSR0648,TSK0248,Crew Absenteeism,2024-01-30 12:01:00,Ahmedabad
DSR0649,TSK0953,Resource Shortage,2024-01-09 18:42:00,Hyderabad
DSR0650,TSK0426,Flight Delay,2024-01-03 14:04:00,Jaipur
DSR0651,TSK0845,Crew Absenteeism,2024-01-01 05:42:00,Chennai
DSR0652,TSK0144,Flight Delay,2024-01-10 12:29:00,Mumbai
DSR0653,TSK0829,Flight Delay,2024-01-31 23:45:00,Kolkata
DSR0654,TSK0845,Crew Absenteeism,2024-01-01 06:03:00,Chennai
DSR0655,TSK0763,Crew Absenteeism,2024-01-20 08:15:00,Mumbai
DSR0656,TSK0727,Flight Delay,2024-01-11 21:55:00,Chennai
DSR0657,TSK0042,Emergency Situation,2024-01-19 20:53:00,Bangalore
DSR0658,TSK0229,Crew Absenteeism,2024-01-03 21:27:00,Kolkata
DSR0659,TSK0921,Resource Shortage,2024-01-15 08:35:00,Ahmedabad
DSR0660,TSK0033,Equipment Failure,2024-01-31 09:39:00,Kolkata
DSR0661,TSK0923,Weather Conditions,2024-01-11 01:14:00,Jaipur
DSR0662,TSK0698,Flight Delay,2024-01-23 03:38:00,Chennai
DSR0663,TSK0108,Flight Delay,2024-01-16 01:10:00,Jaipur
DSR0664,TSK0233,Weather Conditions,2024-01-29 17:29:00,Kolkata
DSR0665,TSK0787,Emergency Situation,2024-01-07 14:46:00,Mumbai
DSR0666,TSK0976,Weather Conditions,2024-01-14 08:54:00,Kolkata
DSR0667,TSK0188,Crew Absenteeism,2024-01-04 18:26:00,Ahmedabad
DSR0668,TSK0571,Weather Conditions,2024-01-30 23:57:00,Mumbai
DSR0669,TSK0748,Flight Delay,2024-01-08 00:05:00,Kolkata
DSR0670,TSK0182,Weather Conditions,2024-01-25 04:52:00,Pune
DSR0671,TSK0571,Equipment Failure,2024-01-30 23:51:00,Mumbai
DSR0672,TSK0532,Resource Shortage,2024-01-29 03:36:00,Lucknow
DSR0673,TSK0369,Crew Absenteeism,2024-01-29 06:52:00,Chennai
DSR0674,TSK0595,Weather Conditions,2024-01-17 01:46:00,Mumbai
DSR0675,TSK0315,Flight Delay,2024-01-29 06:49:00,Delhi
DSR0676,TSK0900,Resource Shortage,2024-01-23 13:09:00,Ahmedabad
DSR0677,TSK0426,Crew Absenteeism,2024-01-03 14:04:00,Jaipur
DSR0678,TSK0732,Flight Delay,2024-01-08 11:47:00,Mumbai
DSR0679,TSK0610,Emergency Situation,2024-01-16 16:13:00,Jaipur
DSR0680,TSK0155,Equipment Failure,2024-01-06 20:37:00,Bangalore
DSR0681,TSK0170,Emergency Situation,2024-01-20 09:28:00,Lucknow
DSR0682,TSK0549,Equipment Failure,2024-01-05 04:36:00,Pune
DSR0683,TSK0155,Weather Conditions,2024-01-06 21:16:00,Bangalore
DSR0684,TSK0675,Crew Absenteeism,2024-01-16 03:27:00,Ahmedabad
DSR0685,TSK0641,Weather Conditions,2024-01-16 07:28:00,Pune
DSR0686,TSK0521,Equipment Failure,2024-01-30 18:08:00,Lucknow
DSR0687,TSK0384,Equipment Failure,2024-01-14 20:14:00,Bangalore
DSR0688,TSK0036,Equipment Failure,2024-01-14 15:16:00,Lucknow
DSR0689,TSK0335,Resource Shortage,2024-01-14 10:36:00,Delhi
DSR0690,TSK0351,Flight Delay,2024-01-12 03:06:00,Chennai
DSR0691,TSK0045,Crew Absenteeism,2024-01-23 05:48:00,Pune
DSR0692,TSK0667,Weather Conditions,2024-01-28 12:54:00,Bangalore
DSR0693,TSK0204,Weather Conditions,2024-01-09 05:19:00,Pune
DSR0694,TSK0293,Emergency Situation,2024-01-09 23:27:00,Ahmedabad
DSR0695,TSK0619,Equipment Failure,2024-01-26 19:55:00,Jaipur
DSR0696,TSK0200,Equipment Failure,2024-01-10 22:46:00,Delhi
DSR0697,TSK0450,Equipment Failure,2024-01-18 05:50:00,Kolkata
DSR0698,TSK0500,Weather Conditions,2024-01-14 19:09:00,Ahmedabad
DSR0699,TSK0665,Emergency Situation,2024-01-24 23:16:00,Kolkata
DSR0700,TSK0061,Flight Delay,2024-01-05 13:20:00,Kolkata
DSR0701,TSK0640,Resource Shortage,2024-01-30 03:03:00,Chennai
DSR0702,TSK0281,Crew Absenteeism,2024-01-04 00:40:00,Mumbai
DSR0703,TSK0865,Flight Delay,2024-01-26 03:17:00,Pune
DSR0704,TSK0536,Weather Conditions,2024-01-27 18:30:00,Bangalore
DSR0705,TSK0985,Resource Shortage,2024-01-31 06:09:00,Mumbai
DSR0706,TSK0049,Resource Shortage,2024-01-06 01:45:00,Chennai
DSR0707,TSK0776,Resource Shortage,2024-01-22 12:00:00,Hyderabad
DSR0708,TSK0725,Equipment Failure,2024-01-26 01:15:00,Delhi
DSR0709,TSK0261,Crew Absenteeism,2024-01-26 23:59:00,Ahmedabad
DSR0710,TSK0916,Weather Conditions,2024-01-14 10:10:00,Bangalore
DSR0711,TSK0433,Weather Conditions,2024-01-08 14:32:00,Mumbai
DSR0712,TSK0859,Resource Shortage,2024-01-13 15:03:00,Pune
DSR0713,TSK0777,Weather Conditions,2024-01-30 15:02:00,Kolkata
DSR0714,TSK0557,Crew Absenteeism,2024-01-13 02:44:00,Mumbai
DSR0715,TSK0056,Crew Absenteeism,2024-01-20 05:16:00,Hyderabad
DSR0716,TSK0170,Emergency Situation,2024-01-20 09:17:00,Lucknow
DSR0717,TSK0945,Emergency Situation,2024-01-28 21:19:00,Bangalore
DSR0718,TSK0002,Flight Delay,2024-01-08 17:26:00,Chennai
DSR0719,TSK0508,Crew Absenteeism,2024-01-27 12:50:00,Jaipur
DSR0720,TSK0448,Crew Absenteeism,2024-01-25 00:43:00,Delhi
DSR0721,TSK0561,Crew Absenteeism,2024-01-06 23:09:00,Chennai
DSR0722,TSK0683,Emergency Situation,2024-01-31 01:47:00,Chennai
DSR0723,TSK0238,Resource Shortage,2024-01-25 13:11:00,Chennai
DSR0724,TSK0199,Resource Shortage,2024-01-04 11:19:00,Ahmedabad
DSR0725,TSK0125,Weather Conditions,2024-01-12 12:04:00,Ahmedabad
DSR0726,TSK0859,Resource Shortage,2024-01-13 16:00:00,Pune
DSR0727,TSK0635,Equipment Failure,2024-01-27 15:14:00,Delhi
DSR0728,TSK0408,Emergency Situation,2024-01-14 17:20:00,Jaipur
DSR0729,TSK0339,Crew Absenteeism,2024-01-24 01:50:00,Kolkata
DSR0730,TSK0915,Resource Shortage,2024-01-24 00:12:00,Hyderabad
DSR0731,TSK0787,Emergency Situation,2024-01-07 14:48:00,Mumbai
DSR0732,TSK0828,Resource Shortage,2024-01-10 10:05:00,Pune
DSR0733,TSK0690,Flight Delay,2024-01-18 21:14:00,Delhi
DSR0734,TSK0198,Crew Absenteeism,2024-01-02 19:42:00,Pune
DSR0735,TSK0405,Flight Delay,2024-01-08 23:44:00,Chennai
DSR0736,TSK0735,Crew Absenteeism,2024-01-27 22:09:00,Kolkata
DSR0737,TSK0405,Emergency Situation,2024-01-08 23:09:00,Chennai
DSR0738,TSK0201,Weather Conditions,2024-01-09 01:17:00,Kolkata
DSR0739,TSK0074,Resource Shortage,2024-01-25 04:23:00,Pune
DSR0740,TSK0724,Resource Shortage,2024-01-30 00:30:00,Pune
DSR0741,TSK0652,Equipment Failure,2024-01-13 08:49:00,Lucknow
DSR0742,TSK0950,Flight Delay,2024-01-11 12:13:00,Mumbai
DSR0743,TSK0020,Resource Shortage,2024-01-11 18:57:00,Delhi
DSR0744,TSK0887,Emergency Situation,2024-01-08 23:53:00,Bangalore
DSR0745,TSK0461,Weather Conditions,2024-01-17 03:56:00,Kolkata
DSR0746,TSK0909,Emergency Situation,2024-01-06 13:55:00,Bangalore
DSR0747,TSK0522,Flight Delay,2024-01-22 00:40:00,Hyderabad
DSR0748,TSK0295,Equipment Failure,2024-01-25 00:09:00,Lucknow
DSR0749,TSK0282,Resource Shortage,2024-01-21 15:51:00,Mumbai
DSR0750,TSK0329,Emergency Situation,2024-01-03 07:12:00,Bangalore
DSR0751,TSK0901,Crew Absenteeism,2024-01-06 15:56:00,Chennai
DSR0752,TSK0742,Weather Conditions,2024-01-30 19:49:00,Hyderabad
DSR0753,TSK0335,Emergency Situation,2024-01-14 10:45:00,Delhi
DSR0754,TSK0562,Weather Conditions,2024-01-21 05:17:00,Hyderabad
DSR0755,TSK0707,Resource Shortage,2024-01-26 11:21:00,Chennai
DSR0756,TSK0479,Crew Absenteeism,2024-01-04 16:15:00,Hyderabad
DSR0757,TSK0174,Equipment Failure,2024-01-13 01:40:00,Mumbai
DSR0758,TSK0409,Equipment Failure,2024-01-27 23:15:00,Chennai
DSR0759,TSK0055,Crew Absenteeism,2024-01-22 09:30:00,Jaipur
DSR0760,TSK0495,Weather Conditions,2024-01-03 09:52:00,Lucknow
DSR0761,TSK0281,Resource Shortage,2024-01-04 00:05:00,Mumbai
DSR0762,TSK0471,Emergency Situation,2024-01-17 11:59:00,Hyderabad
DSR0763,TSK0669,Crew Absenteeism,2024-01-01 04:37:00,Chennai
DSR0764,TSK0716,Flight Delay,2024-01-09 23:36:00,Chennai
DSR0765,TSK0140,Weather Conditions,2024-01-01 12:18:00,Hyderabad
DSR0766,TSK0884,Equipment Failure,2024-01-04 08:18:00,Ahmedabad
DSR0767,TSK0656,Crew Absenteeism,2024-01-29 11:46:00,Kolkata
DSR0768,TSK0724,Equipment Failure,2024-01-30 01:12:00,Pune
DSR0769,TSK0870,Weather Conditions,2024-01-12 12:19:00,Mumbai
DSR0770,TSK0912,Equipment Failure,2024-01-08 12:48:00,Hyderabad
DSR0771,TSK0336,Crew Absenteeism,2024-01-21 18:51:00,Chennai
DSR0772,TSK0670,Weather Conditions,2024-01-11 17:05:00,Hyderabad
DSR0773,TSK0185,Flight Delay,2024-01-15 07:20:00,Chennai
DSR0774,TSK0588,Crew Absenteeism,2024-01-01 12:54:00,Bangalore
DSR0775,TSK0779,Emergency Situation,2024-01-25 17:13:00,Chennai
DSR0776,TSK0970,Resource Shortage,2024-01-18 07:11:00,Chennai
DSR0777,TSK0452,Crew Absenteeism,2024-01-24 14:57:00,Lucknow
DSR0778,TSK0381,Weather Conditions,2024-01-29 21:03:00,Delhi
DSR0779,TSK0386,Resource Shortage,2024-01-16 17:27:00,Mumbai
DSR0780,TSK0829,Crew Absenteeism,2024-01-31 23:55:00,Kolkata
DSR0781,TSK0611,Flight Delay,2024-01-21 07:47:00,Bangalore
DSR0782,TSK0183,Flight Delay,2024-01-21 17:38:00,Pune
DSR0783,TSK0903,Emergency Situation,2024-01-26 11:44:00,Ahmedabad
DSR0784,TSK0388,Equipment Failure,2024-01-28 04:09:00,Chennai
DSR0785,TSK0331,Resource Shortage,2024-01-31 06:56:00,Kolkata
DSR0786,TSK0565,Weather Conditions,2024-01-30 13:50:00,Ahmedabad
DSR0787,TSK0202,Weather Conditions,2024-01-11 00:22:00,Mumbai
DSR0788,TSK0851,Equipment Failure,2024-01-29 17:23:00,Mumbai
DSR0789,TSK0067,Flight Delay,2024-01-31 17:49:00,Lucknow
DSR0790,TSK0583,Flight Delay,2024-01-19 12:21:00,Mumbai
DSR0791,TSK0255,Crew Absenteeism,2024-01-19 07:08:00,Kolkata
DSR0792,TSK0705,Emergency Situation,2024-01-20 17:15:00,Lucknow
DSR0793,TSK0308,Resource Shortage,2024-01-12 19:24:00,Bangalore
DSR0794,TSK0020,Emergency Situation,2024-01-11 18:32:00,Delhi
DSR0795,TSK0217,Emergency Situation,2024-01-15 14:42:00,Hyderabad
DSR0796,TSK0778,Crew Absenteeism,2024-01-03 14:12:00,Hyderabad
DSR0797,TSK0213,Emergency Situation,2024-01-15 04:44:00,Jaipur
DSR0798,TSK0840,Equipment Failure,2024-01-15 16:37:00,Bangalore
DSR0799,TSK0759,Crew Absenteeism,2024-01-26 06:34:00,Ahmedabad
DSR0800,TSK0101,Equipment Failure,2024-01-18 00:39:00,Lucknow
DSR0801,TSK0854,Crew Absenteeism,2024-01-24 14:41:00,Mumbai
DSR0802,TSK0936,Emergency Situation,2024-01-23 02:39:00,Bangalore
DSR0803,TSK0746,Equipment Failure,2024-01-24 09:53:00,Mumbai
DSR0804,TSK0864,Equipment Failure,2024-01-29 08:40:00,Mumbai
DSR0805,TSK0531,Equipment Failure,2024-01-10 19:33:00,Chennai
DSR0806,TSK0319,Crew Absenteeism,2024-01-04 16:26:00,Chennai
DSR0807,TSK0695,Weather Conditions,2024-01-30 06:24:00,Bangalore
DSR0808,TSK0489,Emergency Situation,2024-01-26 21:53:00,Pune
DSR0809,TSK0831,Equipment Failure,2024-01-15 04:08:00,Chennai
DSR0810,TSK0080,Resource Shortage,2024-01-16 21:52:00,Jaipur
DSR0811,TSK0828,Weather Conditions,2024-01-10 09:43:00,Pune
DSR0812,TSK0802,Resource Shortage,2024-01-10 19:03:00,Pune
DSR0813,TSK0486,Emergency Situation,2024-01-10 23:53:00,Hyderabad
DSR0814,TSK0155,Emergency Situation,2024-01-06 20:03:00,Bangalore
DSR0815,TSK0148,Equipment Failure,2024-01-03 21:18:00,Hyderabad
DSR0816,TSK0604,Equipment Failure,2024-01-23 03:43:00,Lucknow
DSR0817,TSK0051,Crew Absenteeism,2024-01-06 05:49:00,Jaipur
DSR0818,TSK0242,Weather Conditions,2024-01-07 22:38:00,Delhi
DSR0819,TSK0783,Weather Conditions,2024-01-08 21:30:00,Ahmedabad
DSR0820,TSK0383,Equipment Failure,2024-01-25 07:15:00,Ahmedabad
DSR0821,TSK0218,Emergency Situation,2024-01-21 22:06:00,Ahmedabad
DSR0822,TSK0157,Equipment Failure,2024-01-09 19:34:00,Kolkata
DSR0823,TSK0469,Emergency Situation,2024-01-31 13:06:00,Hyderabad
DSR0824,TSK0549,Emergency Situation,2024-01-05 06:21:00,Pune
DSR0825,TSK0501,Equipment Failure,2024-01-05 21:16:00,Bangalore
DSR0826,TSK0833,Flight Delay,2024-01-16 08:36:00,Bangalore
DSR0827,TSK0125,Weather Conditions,2024-01-12 12:36:00,Ahmedabad
DSR0828,TSK0747,Resource Shortage,2024-01-23 12:22:00,Delhi
DSR0829,TSK0183,Emergency Situation,2024-01-21 17:52:00,Pune
DSR0830,TSK0671,Emergency Situation,2024-01-06 22:14:00,Kolkata
DSR0831,TSK0297,Flight Delay,2024-01-21 20:23:00,Pune
DSR0832,TSK0926,Resource Shortage,2024-01-29 09:21:00,Jaipur
DSR0833,TSK0773,Crew Absenteeism,2024-01-03 18:52:00,Delhi
DSR0834,TSK0721,Flight Delay,2024-01-25 13:26:00,Lucknow
DSR0835,TSK0178,Resource Shortage,2024-01-03 00:07:00,Jaipur
DSR0836,TSK0469,Flight Delay,2024-01-31 13:21:00,Hyderabad
DSR0837,TSK0515,Emergency Situation,2024-01-04 14:06:00,Kolkata
DSR0838,TSK0956,Weather Conditions,2024-01-08 00:35:00,Lucknow
DSR0839,TSK0645,Flight Delay,2024-01-10 20:42:00,Pune
DSR0840,TSK0386,Crew Absenteeism,2024-01-16 19:05:00,Mumbai
DSR0841,TSK0765,Equipment Failure,2024-01-22 22:06:00,Ahmedabad
DSR0842,TSK0490,Resource Shortage,2024-01-09 02:03:00,Hyderabad
DSR0843,TSK0057,Flight Delay,2024-01-27 13:54:00,Kolkata
DSR0844,TSK0305,Flight Delay,2024-01-28 16:32:00,Bangalore
DSR0845,TSK0801,Crew Absenteeism,2024-01-05 16:11:00,Lucknow
DSR0846,TSK0716,Weather Conditions,2024-01-09 22:53:00,Chennai
DSR0847,TSK0238,Flight Delay,2024-01-25 13:39:00,Chennai
DSR0848,TSK0505,Flight Delay,2024-01-09 22:49:00,Lucknow
DSR0849,TSK0888,Weather Conditions,2024-01-31 07:36:00,Pune
DSR0850,TSK0243,Crew Absenteeism,2024-01-19 01:48:00,Kolkata
DSR0851,TSK0446,Resource Shortage,2024-01-11 00:36:00,Bangalore
DSR0852,TSK0452,Resource Shortage,2024-01-24 14:30:00,Lucknow
DSR0853,TSK0835,Flight Delay,2024-01-22 09:55:00,Kolkata
DSR0854,TSK0050,Weather Conditions,2024-01-18 22:50:00,Ahmedabad
DSR0855,TSK0682,Flight Delay,2024-01-17 10:33:00,Chennai
DSR0856,TSK0895,Equipment Failure,2024-01-21 17:57:00,Kolkata
DSR0857,TSK0381,Resource Shortage,2024-01-29 18:24:00,Delhi
DSR0858,TSK0261,Emergency Situation,2024-01-26 22:20:00,Ahmedabad
DSR0859,TSK0615,Equipment Failure,2024-01-15 09:53:00,Jaipur
DSR0860,TSK0035,Flight Delay,2024-01-02 07:01:00,Bangalore
DSR0861,TSK0750,Crew Absenteeism,2024-01-05 06:57:00,Ahmedabad
DSR0862,TSK0788,Resource Shortage,2024-01-27 03:06:00,Hyderabad
DSR0863,TSK0498,Emergency Situation,2024-01-03 07:27:00,Delhi
DSR0864,TSK0185,Equipment Failure,2024-01-15 07:08:00,Chennai
DSR0865,TSK0817,Resource Shortage,2024-01-09 21:22:00,Bangalore
DSR0866,TSK0559,Weather Conditions,2024-01-19 13:39:00,Jaipur
DSR0867,TSK0781,Crew Absenteeism,2024-01-20 22:53:00,Jaipur
DSR0868,TSK0326,Equipment Failure,2024-01-22 02:19:00,Pune
DSR0869,TSK0123,Weather Conditions,2024-01-18 18:13:00,Chennai
DSR0870,TSK0261,Flight Delay,2024-01-26 23:01:00,Ahmedabad
DSR0871,TSK0059,Weather Conditions,2024-01-11 01:40:00,Delhi
DSR0872,TSK0993,Equipment Failure,2024-01-18 11:38:00,Kolkata
DSR0873,TSK0661,Equipment Failure,2024-01-16 22:05:00,Delhi
DSR0874,TSK0973,Flight Delay,2024-01-25 02:55:00,Bangalore
DSR0875,TSK0958,Weather Conditions,2024-01-27 11:40:00,Pune
DSR0876,TSK0584,Weather Conditions,2024-01-04 17:25:00,Bangalore
DSR0877,TSK0737,Flight Delay,2024-01-17 04:25:00,Mumbai
DSR0878,TSK0509,Weather Conditions,2024-01-05 08:36:00,Mumbai
DSR0879,TSK0485,Resource Shortage,2024-01-29 00:44:00,Lucknow
DSR0880,TSK0924,Flight Delay,2024-01-27 01:49:00,Ahmedabad
DSR0881,TSK0629,Crew Absenteeism,2024-01-30 17:33:00,Pune
DSR0882,TSK0651,Equipment Failure,2024-01-27 08:03:00,Lucknow
DSR0883,TSK0660,Crew Absenteeism,2024-01-03 05:09:00,Mumbai
DSR0884,TSK0995,Resource Shortage,2024-01-01 17:08:00,Mumbai
DSR0885,TSK0442,Resource Shortage,2024-01-18 02:04:00,Pune
DSR0886,TSK0598,Emergency Situation,2024-01-17 06:30:00,Chennai
DSR0887,TSK0528,Emergency Situation,2024-01-25 07:35:00,Jaipur
DSR0888,TSK0170,Emergency Situation,2024-01-20 09:49:00,Lucknow
DSR0889,TSK0012,Flight Delay,2024-01-20 04:20:00,Bangalore
DSR0890,TSK0524,Weather Conditions,2024-01-28 12:30:00,Kolkata
DSR0891,TSK0614,Resource Shortage,2024-01-01 22:10:00,Chennai
DSR0892,TSK0313,Crew Absenteeism,2024-01-04 07:40:00,Ahmedabad
DSR0893,TSK0199,Crew Absenteeism,2024-01-04 10:06:00,Ahmedabad
DSR0894,TSK0047,Crew Absenteeism,2024-01-29 00:40:00,Jaipur
DSR0895,TSK0076,Crew Absenteeism,2024-01-19 12:47:00,Mumbai
DSR0896,TSK0914,Emergency Situation,2024-01-29 09:02:00,Mumbai
DSR0897,TSK0406,Crew Absenteeism,2024-01-06 11:53:00,Mumbai
DSR0898,TSK0253,Weather Conditions,2024-01-23 06:47:00,Hyderabad
DSR0899,TSK0152,Emergency Situation,2024-01-20 20:10:00,Ahmedabad
DSR0900,TSK0725,Crew Absenteeism,2024-01-26 02:32:00,Delhi
DSR0901,TSK0788,Flight Delay,2024-01-27 04:13:00,Hyderabad
DSR0902,TSK0751,Equipment Failure,2024-01-16 23:15:00,Kolkata
DSR0903,TSK0013,Equipment Failure,2024-01-21 13:41:00,Lucknow
DSR0904,TSK0216,Equipment Failure,2024-01-27 16:37:00,Chennai
DSR0905,TSK0190,Emergency Situation,2024-01-14 00:43:00,Ahmedabad
DSR0906,TSK0016,Crew Absenteeism,2024-01-10 08:05:00,Hyderabad
DSR0907,TSK0682,Resource Shortage,2024-01-17 10:01:00,Chennai
DSR0908,TSK0628,Resource Shortage,2024-01-26 17:45:00,Ahmedabad
DSR0909,TSK0144,Resource Shortage,2024-01-10 13:08:00,Mumbai
DSR0910,TSK0903,Emergency Situation,2024-01-26 11:30:00,Ahmedabad
DSR0911,TSK0205,Weather Conditions,2024-01-06 19:45:00,Jaipur
DSR0912,TSK0510,Flight Delay,2024-01-16 02:06:00,Mumbai
DSR0913,TSK0308,Flight Delay,2024-01-12 19:10:00,Bangalore
DSR0914,TSK0636,Equipment Failure,2024-01-22 15:58:00,Ahmedabad
DSR0915,TSK0522,Equipment Failure,2024-01-22 01:40:00,Hyderabad
DSR0916,TSK0023,Resource Shortage,2024-01-15 07:53:00,Bangalore
DSR0917,TSK0085,Resource Shortage,2024-01-19 16:44:00,Hyderabad
DSR0918,TSK0299,Equipment Failure,2024-01-20 11:44:00,Lucknow
DSR0919,TSK0462,Crew Absenteeism,2024-01-20 19:43:00,Chennai
DSR0920,TSK0889,Weather Conditions,2024-01-25 03:38:00,Mumbai
DSR0921,TSK0399,Weather Conditions,2024-01-14 04:32:00,Bangalore
DSR0922,TSK0709,Weather Conditions,2024-01-21 19:51:00,Jaipur
DSR0923,TSK0483,Weather Conditions,2024-01-05 18:54:00,Mumbai
DSR0924,TSK0703,Equipment Failure,2024-01-09 09:38:00,Mumbai
DSR0925,TSK0778,Flight Delay,2024-01-03 13:15:00,Hyderabad
DSR0926,TSK0836,Equipment Failure,2024-01-21 23:44:00,Kolkata
DSR0927,TSK0595,Weather Conditions,2024-01-17 01:19:00,Mumbai
DSR0928,TSK0949,Equipment Failure,2024-01-19 11:29:00,Chennai
DSR0929,TSK0774,Weather Conditions,2024-01-11 15:27:00,Pune
DSR0930,TSK0587,Emergency Situation,2024-01-02 17:05:00,Delhi
DSR0931,TSK0936,Resource Shortage,2024-01-23 01:53:00,Bangalore
DSR0932,TSK0745,Flight Delay,2024-01-31 21:32:00,Delhi
DSR0933,TSK0888,Emergency Situation,2024-01-31 06:54:00,Pune
DSR0934,TSK0307,Crew Absenteeism,2024-01-24 16:20:00,Hyderabad
DSR0935,TSK0247,Equipment Failure,2024-01-26 02:21:00,Delhi
DSR0936,TSK0929,Crew Absenteeism,2024-01-31 21:43:00,Kolkata
DSR0937,TSK0792,Equipment Failure,2024-01-02 20:40:00,Ahmedabad
DSR0938,TSK0689,Resource Shortage,2024-01-29 16:21:00,Kolkata
DSR0939,TSK0446,Emergency Situation,2024-01-11 00:57:00,Bangalore
DSR0940,TSK0514,Resource Shortage,2024-01-05 20:53:00,Lucknow
DSR0941,TSK0699,Weather Conditions,2024-01-16 17:14:00,Kolkata
DSR0942,TSK0896,Resource Shortage,2024-01-18 15:59:00,Bangalore
DSR0943,TSK0978,Resource Shortage,2024-01-03 16:48:00,Jaipur
DSR0944,TSK0575,Weather Conditions,2024-01-29 12:52:00,Delhi
DSR0945,TSK0601,Equipment Failure,2024-01-04 20:02:00,Jaipur
DSR0946,TSK0333,Weather Conditions,2024-01-16 21:35:00,Jaipur
DSR0947,TSK0420,Emergency Situation,2024-01-02 16:20:00,Pune
DSR0948,TSK0611,Resource Shortage,2024-01-21 07:47:00,Bangalore
DSR0949,TSK0185,Weather Conditions,2024-01-15 07:49:00,Chennai
DSR0950,TSK0515,Resource Shortage,2024-01-04 14:22:00,Kolkata
DSR0951,TSK0617,Emergency Situation,2024-01-12 00:05:00,Ahmedabad
DSR0952,TSK0698,Crew Absenteeism,2024-01-23 02:52:00,Chennai
DSR0953,TSK0378,Emergency Situation,2024-01-12 12:51:00,Hyderabad
DSR0954,TSK0405,Flight Delay,2024-01-08 23:03:00,Chennai
DSR0955,TSK0986,Flight Delay,2024-01-21 13:18:00,Jaipur
DSR0956,TSK0696,Flight Delay,2024-01-29 14:05:00,Mumbai
DSR0957,TSK0244,Resource Shortage,2024-01-07 20:48:00,Bangalore
DSR0958,TSK0204,Equipment Failure,2024-01-09 03:39:00,Pune
DSR0959,TSK0462,Equipment Failure,2024-01-20 21:38:00,Chennai
DSR0960,TSK0140,Equipment Failure,2024-01-01 11:02:00,Hyderabad
DSR0961,TSK0440,Resource Shortage,2024-01-27 08:45:00,Kolkata
DSR0962,TSK0331,Emergency Situation,2024-01-31 06:30:00,Kolkata
DSR0963,TSK0165,Equipment Failure,2024-01-04 22:50:00,Jaipur
DSR0964,TSK0234,Crew Absenteeism,2024-01-14 06:31:00,Hyderabad
DSR0965,TSK0618,Flight Delay,2024-01-02 02:24:00,Kolkata
DSR0966,TSK0019,Emergency Situation,2024-01-30 11:56:00,Jaipur
DSR0967,TSK0187,Flight Delay,2024-01-24 19:00:00,Bangalore
DSR0968,TSK0348,Equipment Failure,2024-01-25 01:01:00,Jaipur
DSR0969,TSK0155,Emergency Situation,2024-01-06 21:10:00,Bangalore
DSR0970,TSK0988,Weather Conditions,2024-01-12 19:14:00,Lucknow
DSR0971,TSK0914,Crew Absenteeism,2024-01-29 08:18:00,Mumbai
DSR0972,TSK0562,Equipment Failure,2024-01-21 04:57:00,Hyderabad
DSR0973,TSK0223,Equipment Failure,2024-01-09 17:54:00,Chennai
DSR0974,TSK0256,Crew Absenteeism,2024-01-20 01:53:00,Jaipur
DSR0975,TSK0858,Crew Absenteeism,2024-01-27 19:20:00,Lucknow
DSR0976,TSK0171,Weather Conditions,2024-01-14 16:58:00,Lucknow
DSR0977,TSK0763,Equipment Failure,2024-01-20 08:14:00,Mumbai
DSR0978,TSK0769,Resource Shortage,2024-01-22 11:58:00,Pune
DSR0979,TSK0970,Equipment Failure,2024-01-18 07:22:00,Chennai
DSR0980,TSK0480,Flight Delay,2024-01-30 14:33:00,Jaipur
DSR0981,TSK0073,Emergency Situation,2024-01-05 17:00:00,Kolkata
DSR0982,TSK0849,Emergency Situation,2024-01-24 00:22:00,Mumbai
DSR0983,TSK0090,Flight Delay,2024-01-14 06:31:00,Ahmedabad
DSR0984,TSK0169,Emergency Situation,2024-01-01 14:38:00,Jaipur
DSR0985,TSK0792,Crew Absenteeism,2024-01-02 19:31:00,Ahmedabad
DSR0986,TSK0761,Emergency Situation,2024-01-17 22:21:00,Bangalore
DSR0987,TSK0753,Emergency Situation,2024-01-12 03:40:00,Ahmedabad
DSR0988,TSK0729,Flight Delay,2024-01-31 18:00:00,Jaipur
DSR0989,TSK0727,Weather Conditions,2024-01-11 22:47:00,Chennai
DSR0990,TSK0357,Emergency Situation,2024-01-31 20:53:00,Ahmedabad
DSR0991,TSK0733,Resource Shortage,2024-01-20 03:17:00,Hyderabad
DSR0992,TSK0610,Emergency Situation,2024-01-16 16:26:00,Jaipur
DSR0993,TSK0865,Weather Conditions,2024-01-26 04:52:00,Pune
DSR0994,TSK0074,Flight Delay,2024-01-25 04:22:00,Pune
DSR0995,TSK0484,Weather Conditions,2024-01-08 15:43:00,Jaipur
DSR0996,TSK0182,Flight Delay,2024-01-25 04:20:00,Pune
DSR0997,TSK0714,Crew Absenteeism,2024-01-05 05:40:00,Ahmedabad
DSR0998,TSK0935,Flight Delay,2024-01-31 11:44:00,Mumbai
DSR0999,TSK0636,Crew Absenteeism,2024-01-22 15:55:00,Ahmedabad
DSR1000,TSK0155,Crew Absenteeism,2024-01-06 20:42:00,Bangalore
